{"schemaVersion":"1.0","appDefinitionTemplate":{"id":"/providers/Microsoft.PowerApps/apps/","type":"Microsoft.PowerApps/apps","tags":{"primaryDeviceWidth":"1366","primaryDeviceHeight":"768","supportsPortrait":"true","supportsLandscape":"true","primaryFormFactor":"Tablet","showStatusBar":"false","publisherVersion":"3.24094.14","minimumRequiredApiVersion":"2.2.0","hasComponent":"false","hasUnlockedComponent":"false","isUnifiedRootApp":"false","sienaVersion":"20241007T054053Z-3.24094.14.0"},"properties":{"appVersion":"2024-10-07T05:40:53Z","lifeCycleId":"Published","createdByClientVersion":{"major":3,"minor":24094,"build":14,"revision":0,"majorRevision":0,"minorRevision":0},"minClientVersion":{"major":3,"minor":24094,"build":14,"revision":0,"majorRevision":0,"minorRevision":0},"backgroundColor":"RGBA(0,176,240,1)","backgroundImageUri":"/11650114429253772605/N08b08924-dd6f-4475-ab76-1cb45b3861b4-logoSmallFile","displayName":"AddDataToTwoLists","description":"","commitMessage":"","appUris":{"documentUri":{"value":"/11650114429253772605/N0cc9cf40-8df1-4747-97ff-e1e988ebe4c5-document.msapp"},"imageUris":[],"additionalUris":[{"isSolutionAware":false,"value":"/11650114429253772605/Na01d0f0a-dd22-4b0d-9ee2-95787b268234-identity.json"}]},"createdTime":"0001-01-01T00:00:00Z","lastModifiedTime":"0001-01-01T00:00:00Z","sharedGroupsCount":0,"sharedUsersCount":0,"connectionReferences":{"238c599c-06b7-461c-aef3-5ad2b63be6ea":{"id":"350ad37d-7419-44b3-96d0-9450d268e243","displayName":"SharePoint","iconUri":"https://connectoricons-prod.azureedge.net/releases/v1.0.1697/1.0.1697.3784/sharepointonline/icon.png","dataSources":["List1","List2"],"dependencies":[],"dependents":[],"parameterHints":{},"parameterHintsV2":{},"isOnPremiseConnection":false,"bypassConsent":false,"dataSets":{"https://4dhxsn.sharepoint.com/sites/Mark8ProjectTeam":{"dataSources":{"List1":{"tableName":"a41d957c-f76d-433e-a26a-b45d074d6225"},"List2":{"tableName":"e8f4d6f2-bac4-4690-bf0f-0161513d82bf"}}}},"apiTier":"Standard","isCustomApiConnection":false,"actions":["providers/PowerPlatform.Governance/Operations/Read","providers/PowerPlatform.Governance/Operations/Write"]}},"databaseReferences":{},"almMode":"Environment","performanceOptimizationEnabled":false,"canConsumeAppPass":false,"enableModernRuntimeMode":false,"executionRestrictions":{"isTeamsOnly":false,"dataLossPreventionEvaluationResult":{"status":"Compliant","lastEvaluationDate":"2024-10-07T05:40:57.652916Z","violations":[],"violationsByPolicy":[],"violationErrorMessage":"The app uses the following connectors: shared_sharepointonline."}}},"appType":"ClassicCanvasApp","appComponents":[]}}